{
  "type": "minecraft:stonecutting",
  "category": "blocks",
  "group": "mini_blocks",
  "ingredient": {
    "item": "minecraft:flowering_azalea_leaves"
  },
  "result": {
    "id": "minecraft:player_head",
    "count": 8,
    "components": {
      "minecraft:profile": {
        "properties": [
          {
            "name": "textures",
            "value": "eyJ0ZXh0dXJlcyI6eyJTS0lOIjp7InVybCI6Imh0dHA6Ly90ZXh0dXJlcy5taW5lY3JhZnQubmV0L3RleHR1cmUvNDc5ZDQ3ZjMxMDk0ZTYyNGU5YmQ3ZTIzZTY2ZDQ1ZjQ0ZDAzMzc5MWE1ZmFjNDJhODQ1ODQxYTM4NjI5NDYwMiJ9fX0="
          }
        ]
      },
      "minecraft:item_name": "\"Mini Flowering Azalea Leaves\"",
      "minecraft:rarity": "common"
    }
  }
}
