{
  "type": "minecraft:stonecutting",
  "category": "blocks",
  "group": "mini_blocks",
  "ingredient": {
    "item": "minecraft:hay_block"
  },
  "result": {
    "id": "minecraft:player_head",
    "count": 8,
    "components": {
      "minecraft:profile": {
        "properties": [
          {
            "name": "textures",
            "value": "eyJ0ZXh0dXJlcyI6eyJTS0lOIjp7InVybCI6Imh0dHA6Ly90ZXh0dXJlcy5taW5lY3JhZnQubmV0L3RleHR1cmUvOGI1OTZiNzI4NmVlZjJkZjI3NWMwZmIzZjQ5MTY2NGM2ZWZkMzBjYTdkNDY5N2I5OTg0OWEwYTQ2YmRlM2QyNCJ9fX0="
          }
        ]
      },
      "minecraft:item_name": "\"Mini Hay Bale\"",
      "minecraft:rarity": "common"
    }
  }
}
