{
  "type": "minecraft:stonecutting",
  "category": "blocks",
  "group": "mini_blocks",
  "ingredient": {
    "item": "minecraft:lapis_ore"
  },
  "result": {
    "id": "minecraft:player_head",
    "count": 8,
    "components": {
      "minecraft:profile": {
        "properties": [
          {
            "name": "textures",
            "value": "eyJ0ZXh0dXJlcyI6eyJTS0lOIjp7InVybCI6Imh0dHA6Ly90ZXh0dXJlcy5taW5lY3JhZnQubmV0L3RleHR1cmUvZmI4ZDkxMzE4NWU1YTM2NWI5NWE4NThkMmU2Yzk5NDE5ODU2NjM5ZDAzNWRjYmY3N2NkNDQwNDU2MGEyNTM4NCJ9fX0="
          }
        ]
      },
      "minecraft:item_name": "\"Mini Lapis Lazuli Ore\"",
      "minecraft:rarity": "common"
    }
  }
}
