{
  "type": "minecraft:stonecutting",
  "category": "blocks",
  "group": "mini_blocks",
  "ingredient": {
    "item": "minecraft:redstone_lamp"
  },
  "result": {
    "id": "minecraft:player_head",
    "count": 8,
    "components": {
      "minecraft:profile": {
        "properties": [
          {
            "name": "textures",
            "value": "eyJ0ZXh0dXJlcyI6eyJTS0lOIjp7InVybCI6Imh0dHA6Ly90ZXh0dXJlcy5taW5lY3JhZnQubmV0L3RleHR1cmUvZjcyZGM1ZDJjYzM0NTcxYWRhODA1ZjllZmFlOWY4YzVjZjA4MTU5ZjNhY2MwOGMwMDY1MjY5NDIxYjVjYjM4YyJ9fX0="
          }
        ]
      },
      "minecraft:item_name": "\"Mini Lit Redstone Lamp\"",
      "minecraft:rarity": "common"
    }
  }
}
