{
  "type": "minecraft:stonecutting",
  "category": "blocks",
  "group": "mini_blocks",
  "ingredient": {
    "item": "minecraft:mycelium"
  },
  "result": {
    "id": "minecraft:player_head",
    "count": 8,
    "components": {
      "minecraft:profile": {
        "properties": [
          {
            "name": "textures",
            "value": "eyJ0ZXh0dXJlcyI6eyJTS0lOIjp7InVybCI6Imh0dHA6Ly90ZXh0dXJlcy5taW5lY3JhZnQubmV0L3RleHR1cmUvYTNjMDc3ZWQ2ZDk5NjIyMzBkOWQ4NjcwYmFkODc2YzMzOTQxZmM5Y2ZiMTdlNmVkMGE4MDUyN2M2OTE4NTQ3OCJ9fX0="
          }
        ]
      },
      "minecraft:item_name": "\"Mini Mycelium\"",
      "minecraft:rarity": "common"
    }
  }
}
