{
  "type": "minecraft:stonecutting",
  "category": "blocks",
  "group": "mini_blocks",
  "ingredient": {
    "item": "minecraft:oxidized_cut_copper"
  },
  "result": {
    "id": "minecraft:player_head",
    "count": 8,
    "components": {
      "minecraft:profile": {
        "properties": [
          {
            "name": "textures",
            "value": "eyJ0ZXh0dXJlcyI6eyJTS0lOIjp7InVybCI6Imh0dHA6Ly90ZXh0dXJlcy5taW5lY3JhZnQubmV0L3RleHR1cmUvYjQ1YTk2ZTZlMGJkMGIxZjRkZDY0MjdiNTVjMmE2MGM5MDUzZmUwMGE2ODI5NTc1MWZkY2E3OThlMGVhZGU0MiJ9fX0="
          }
        ]
      },
      "minecraft:item_name": "\"Mini Oxidized Cut Copper\"",
      "minecraft:rarity": "common"
    }
  }
}
