{
  "type": "minecraft:stonecutting",
  "category": "blocks",
  "group": "mini_blocks",
  "ingredient": {
    "item": "minecraft:shulker_box"
  },
  "result": {
    "id": "minecraft:player_head",
    "count": 8,
    "components": {
      "minecraft:profile": {
        "properties": [
          {
            "name": "textures",
            "value": "eyJ0ZXh0dXJlcyI6eyJTS0lOIjp7InVybCI6Imh0dHA6Ly90ZXh0dXJlcy5taW5lY3JhZnQubmV0L3RleHR1cmUvMzlhYTg4YTA1ZmE1ZjMzYjYzMmU1NWE2NDU1YzE0ZmIwZmEyNzllNjMxNDdmOTc3OGQzOWRmOGY1OGE0NzkyMiJ9fX0="
          }
        ]
      },
      "minecraft:item_name": "\"Mini Shulker Box\"",
      "minecraft:rarity": "common"
    }
  }
}
