{
  "type": "minecraft:stonecutting",
  "category": "blocks",
  "group": "mini_blocks",
  "ingredient": {
    "item": "minecraft:sniffer_egg"
  },
  "result": {
    "id": "minecraft:player_head",
    "count": 8,
    "components": {
      "minecraft:profile": {
        "properties": [
          {
            "name": "textures",
            "value": "eyJ0ZXh0dXJlcyI6eyJTS0lOIjp7InVybCI6Imh0dHA6Ly90ZXh0dXJlcy5taW5lY3JhZnQubmV0L3RleHR1cmUvOWFjMDY4ZTA3YmFiNmM4MTM3MTIyOTZmZWEyMzZlZTcwM2ExY2Y2YzY3YmE0NjVmOTE1NWNmNWFmMWVkYTc3MCJ9fX0="
          }
        ]
      },
      "minecraft:item_name": "\"Mini Sniffer Egg\"",
      "minecraft:rarity": "common"
    }
  }
}
