{
  "type": "minecraft:stonecutting",
  "category": "blocks",
  "group": "mini_blocks",
  "ingredient": {
    "item": "minecraft:spruce_planks"
  },
  "result": {
    "id": "minecraft:player_head",
    "count": 8,
    "components": {
      "minecraft:profile": {
        "properties": [
          {
            "name": "textures",
            "value": "eyJ0ZXh0dXJlcyI6eyJTS0lOIjp7InVybCI6Imh0dHA6Ly90ZXh0dXJlcy5taW5lY3JhZnQubmV0L3RleHR1cmUvM2VhM2FhZjE5NDQ4MmEzOTc1YTE4ZDFlZWNlMjNjMGIzZWEwZjI1ODcwN2ZhZDc1YzVjYWE3NDUzMjA4OGRiIn19fQ=="
          }
        ]
      },
      "minecraft:item_name": "\"Mini Spruce Planks\"",
      "minecraft:rarity": "common"
    }
  }
}
