{
  "type": "minecraft:stonecutting",
  "category": "blocks",
  "group": "mini_blocks",
  "ingredient": {
    "item": "minecraft:tuff"
  },
  "result": {
    "id": "minecraft:player_head",
    "count": 8,
    "components": {
      "minecraft:profile": {
        "properties": [
          {
            "name": "textures",
            "value": "eyJ0ZXh0dXJlcyI6eyJTS0lOIjp7InVybCI6Imh0dHA6Ly90ZXh0dXJlcy5taW5lY3JhZnQubmV0L3RleHR1cmUvYjZkNzQ4M2Q5ZTY5Yjc5Nzg5NTg4NjllMjI2OGU1OTE5NDAxYzY3NTJlM2Y2MmYxYWNmYzNjYTlkYmY0MjllYiJ9fX0="
          }
        ]
      },
      "minecraft:item_name": "\"Mini Tuff\"",
      "minecraft:rarity": "common"
    }
  }
}
