{
  "type": "minecraft:stonecutting",
  "category": "blocks",
  "group": "mini_blocks",
  "ingredient": {
    "item": "minecraft:weathered_copper_bulb"
  },
  "result": {
    "id": "minecraft:player_head",
    "count": 8,
    "components": {
      "minecraft:profile": {
        "properties": [
          {
            "name": "textures",
            "value": "eyJ0ZXh0dXJlcyI6eyJTS0lOIjp7InVybCI6Imh0dHA6Ly90ZXh0dXJlcy5taW5lY3JhZnQubmV0L3RleHR1cmUvZDNhZGY4MTE0NjY2NjA2NDA3ZjBlZGRlMzhhNDkyYTU4N2VkZDEzMGZjMTBkNjY2YmEwNzJkMDNiZGM1YTU2NCJ9fX0="
          }
        ]
      },
      "minecraft:item_name": "\"Mini Weathered Copper Bulb\"",
      "minecraft:rarity": "common"
    }
  }
}
