{
  "type": "minecraft:stonecutting",
  "category": "blocks",
  "group": "mini_blocks",
  "ingredient": {
    "item": "minecraft:white_concrete"
  },
  "result": {
    "id": "minecraft:player_head",
    "count": 8,
    "components": {
      "minecraft:profile": {
        "properties": [
          {
            "name": "textures",
            "value": "eyJ0ZXh0dXJlcyI6eyJTS0lOIjp7InVybCI6Imh0dHA6Ly90ZXh0dXJlcy5taW5lY3JhZnQubmV0L3RleHR1cmUvZDA5MjVjNDhiMDU2NjI4NDhlYzlmMDY4NWY4NThkODg5ZDNkYTExYjA3MTc4OGVhYTM2Y2NkOGYxZjMxZGUifX19"
          }
        ]
      },
      "minecraft:item_name": "\"Mini White Concrete\"",
      "minecraft:rarity": "common"
    }
  }
}
