{
  "type": "minecraft:stonecutting",
  "category": "blocks",
  "group": "mini_blocks",
  "ingredient": {
    "item": "minecraft:yellow_concrete"
  },
  "result": {
    "id": "minecraft:player_head",
    "count": 8,
    "components": {
      "minecraft:profile": {
        "properties": [
          {
            "name": "textures",
            "value": "eyJ0ZXh0dXJlcyI6eyJTS0lOIjp7InVybCI6Imh0dHA6Ly90ZXh0dXJlcy5taW5lY3JhZnQubmV0L3RleHR1cmUvZmNhNWJmZjMyNWVkNzFkOTdhMmRkZmM4M2FjZjA1ZmU3ZmQ5Y2I3Y2JkYjE1ZWJiNGYwNTYyMTkwN2U5ZjJiIn19fQ=="
          }
        ]
      },
      "minecraft:item_name": "\"Mini Yellow Concrete\"",
      "minecraft:rarity": "common"
    }
  }
}
