{
  "criteria": {
    "requirement": {
      "trigger": "minecraft:player_interacted_with_entity",
      "conditions": {
        "player": [
          {
            "condition": "minecraft:entity_properties",
            "entity": "this",
            "predicate": {
              "flags": {
                "is_sneaking": true
              }
            }
          }
        ],
        "item": {
          "items": "minecraft:lead"
        },
        "entity": {
          "type": "#leash_villager:leashable"
        }
      }
    }
  },
  "rewards": {
    "function": "leash_villager:create_leash/villager"
  }
}