{
    "display": {
        "icon": {
            "item": "minecraft:obsidian"
        },
        "title": {
            "text": "Custom Nether Portals   ",
            "color": "white",
            "bold": false,
            "italic": false
        },
        "description": ["",{"text":"Ignite nether portals of any shape and size you like, or use crying obsidian in the portal frame.\nEnter ","color":"gold"},{"text":"/trigger cusNetPor","color":"yellow"},{"text":" for details.\nEnter ","color":"gold"},{"text":"/function custom_nether_portals:config","color":"yellow"},{"text":" for config options.","color":"gold"}],
        "show_toast": false,
        "announce_to_chat": false,
        "frame": "goal"
    },
    "parent": "main:main/root",
    "criteria": {
        "tick": {
            "trigger": "minecraft:tick"
        }
    }
}