{
  "type": "minecraft:stonecutting",
  "category": "blocks",
  "group": "mini_blocks",
  "ingredient": "minecraft:andesite",
  "result": {
    "id": "minecraft:player_head",
    "count": 8,
    "components": {
      "minecraft:profile": {
        "properties": [
          {
            "name": "textures",
            "value": "eyJ0ZXh0dXJlcyI6eyJTS0lOIjp7InVybCI6Imh0dHA6Ly90ZXh0dXJlcy5taW5lY3JhZnQubmV0L3RleHR1cmUvYmM1ZTE2Yzc2MWUwYWFhMmRkNTI4OWU0M2Y1MmNjNDcxNTY3Y2Q4ZjhjOGE0NzVhNGIyOTBhZWU4Y2ZhNDUzOCJ9fX0="
          }
        ]
      },
      "minecraft:item_name": "\"Mini Andesite\"",
      "minecraft:rarity": "common"
    }
  }
}
