{
  "type": "minecraft:stonecutting",
  "category": "blocks",
  "group": "mini_blocks",
  "ingredient": "minecraft:beehive",
  "result": {
    "id": "minecraft:player_head",
    "count": 8,
    "components": {
      "minecraft:profile": {
        "properties": [
          {
            "name": "textures",
            "value": "eyJ0ZXh0dXJlcyI6eyJTS0lOIjp7InVybCI6Imh0dHA6Ly90ZXh0dXJlcy5taW5lY3JhZnQubmV0L3RleHR1cmUvOGNlMGQzY2E1YzExMzY3MjRiNzg3ODdlMGE1NDc3NTNkYzhlOTk2OTY1MWU3YzZlZTNkZmU0MmI3OGZiMThjZiJ9fX0="
          }
        ]
      },
      "minecraft:item_name": "\"Mini Beehive\"",
      "minecraft:rarity": "common"
    }
  }
}
