{
  "type": "minecraft:stonecutting",
  "category": "blocks",
  "group": "mini_blocks",
  "ingredient": "minecraft:birch_log",
  "result": {
    "id": "minecraft:player_head",
    "count": 8,
    "components": {
      "minecraft:profile": {
        "properties": [
          {
            "name": "textures",
            "value": "eyJ0ZXh0dXJlcyI6eyJTS0lOIjp7InVybCI6Imh0dHA6Ly90ZXh0dXJlcy5taW5lY3JhZnQubmV0L3RleHR1cmUvNmM0MDExOTliNzgzMzAwY2JkOWNiMWNlYWNmYTVlMjkzZmU3NTc1Nzc2MTg4Y2Q1YWE2Y2E4YmZmYjhlMmY1NyJ9fX0="
          }
        ]
      },
      "minecraft:item_name": "\"Mini Birch Log\"",
      "minecraft:rarity": "common"
    }
  }
}
