{
  "type": "minecraft:stonecutting",
  "category": "blocks",
  "group": "mini_blocks",
  "ingredient": "minecraft:blast_furnace",
  "result": {
    "id": "minecraft:player_head",
    "count": 8,
    "components": {
      "minecraft:profile": {
        "properties": [
          {
            "name": "textures",
            "value": "eyJ0ZXh0dXJlcyI6eyJTS0lOIjp7InVybCI6Imh0dHA6Ly90ZXh0dXJlcy5taW5lY3JhZnQubmV0L3RleHR1cmUvNjBmNGQzNjAxYjI0ZDZiMzcxYmI5N2EzZjQyNzc5ODQwYTEyOTQ4N2EzMDRkYWI2MjM0NjlkY2EwMjg3Y2FmNSJ9fX0="
          }
        ]
      },
      "minecraft:item_name": "\"Mini Blast Furnace\"",
      "minecraft:rarity": "common"
    }
  }
}
