{
  "type": "minecraft:stonecutting",
  "category": "blocks",
  "group": "mini_blocks",
  "ingredient": "minecraft:blue_concrete",
  "result": {
    "id": "minecraft:player_head",
    "count": 8,
    "components": {
      "minecraft:profile": {
        "properties": [
          {
            "name": "textures",
            "value": "eyJ0ZXh0dXJlcyI6eyJTS0lOIjp7InVybCI6Imh0dHA6Ly90ZXh0dXJlcy5taW5lY3JhZnQubmV0L3RleHR1cmUvNTdjN2EyOTcxMDNkYjA4NGFmNjI3M2I4Nzk4MDVhZmM4NTc3Y2M4MmM3NTJhYzI2NmNmOGQ3YTZlZWE2MCJ9fX0="
          }
        ]
      },
      "minecraft:item_name": "\"Mini Blue Concrete\"",
      "minecraft:rarity": "common"
    }
  }
}
