{
  "type": "minecraft:stonecutting",
  "category": "blocks",
  "group": "mini_blocks",
  "ingredient": "minecraft:brain_coral_block",
  "result": {
    "id": "minecraft:player_head",
    "count": 8,
    "components": {
      "minecraft:profile": {
        "properties": [
          {
            "name": "textures",
            "value": "eyJ0ZXh0dXJlcyI6eyJTS0lOIjp7InVybCI6Imh0dHA6Ly90ZXh0dXJlcy5taW5lY3JhZnQubmV0L3RleHR1cmUvOTU3ZGQ0M2U4ZjFjZDEzNzI2YzBmOTlhYzQwNDcxNTA0N2QxMmViNDJhMjhmZmM2YWU5YmZiM2I3MGQ3NjQwYSJ9fX0="
          }
        ]
      },
      "minecraft:item_name": "\"Mini Brain Coral\"",
      "minecraft:rarity": "common"
    }
  }
}
