{
  "type": "minecraft:stonecutting",
  "category": "blocks",
  "group": "mini_blocks",
  "ingredient": "minecraft:cherry_leaves",
  "result": {
    "id": "minecraft:player_head",
    "count": 8,
    "components": {
      "minecraft:profile": {
        "properties": [
          {
            "name": "textures",
            "value": "eyJ0ZXh0dXJlcyI6eyJTS0lOIjp7InVybCI6Imh0dHA6Ly90ZXh0dXJlcy5taW5lY3JhZnQubmV0L3RleHR1cmUvNjk4YjM4YWViZTdjNGVkNWM4MTllZTQyM2YzYjQ2YzYwNjg0Y2JkM2VkMGZhNGE5ZmQ1OTNhY2E2M2MwYWM4NSJ9fX0="
          }
        ]
      },
      "minecraft:item_name": "\"Mini Cherry Leaves\"",
      "minecraft:rarity": "common"
    }
  }
}
