{
  "type": "minecraft:stonecutting",
  "category": "blocks",
  "group": "mini_blocks",
  "ingredient": "minecraft:cherry_planks",
  "result": {
    "id": "minecraft:player_head",
    "count": 8,
    "components": {
      "minecraft:profile": {
        "properties": [
          {
            "name": "textures",
            "value": "eyJ0ZXh0dXJlcyI6eyJTS0lOIjp7InVybCI6Imh0dHA6Ly90ZXh0dXJlcy5taW5lY3JhZnQubmV0L3RleHR1cmUvZGJiMmY1NWZjOTM3MDQ0NTM4NTEwNzg0ZDZlZmM5ZTE4NjQxZDRiODRmNWNhMDdmOTk0YjJjN2Q2MjEyNGY5In19fQ=="
          }
        ]
      },
      "minecraft:item_name": "\"Mini Cherry Planks\"",
      "minecraft:rarity": "common"
    }
  }
}
