{
  "type": "minecraft:stonecutting",
  "category": "blocks",
  "group": "mini_blocks",
  "ingredient": "minecraft:chest",
  "result": {
    "id": "minecraft:player_head",
    "count": 8,
    "components": {
      "minecraft:profile": {
        "properties": [
          {
            "name": "textures",
            "value": "eyJ0ZXh0dXJlcyI6eyJTS0lOIjp7InVybCI6Imh0dHA6Ly90ZXh0dXJlcy5taW5lY3JhZnQubmV0L3RleHR1cmUvZDVjNmRjMmJiZjUxYzM2Y2ZjNzcxNDU4NWE2YTU2ODNlZjJiMTRkNDdkOGZmNzE0NjU0YTg5M2Y1ZGE2MjIifX19"
          }
        ]
      },
      "minecraft:item_name": "\"Mini Chest\"",
      "minecraft:rarity": "common"
    }
  }
}
