{
  "type": "minecraft:stonecutting",
  "category": "blocks",
  "group": "mini_blocks",
  "ingredient": "minecraft:cobbled_deepslate",
  "result": {
    "id": "minecraft:player_head",
    "count": 8,
    "components": {
      "minecraft:profile": {
        "properties": [
          {
            "name": "textures",
            "value": "eyJ0ZXh0dXJlcyI6eyJTS0lOIjp7InVybCI6Imh0dHA6Ly90ZXh0dXJlcy5taW5lY3JhZnQubmV0L3RleHR1cmUvMzAxMDFkMDEzNzk3MTJhYTZiMWE5ODg5ZmE2NmU0ZDA1OTE2MWUyZTM1ZDk1YThlYTQ4MzQ3ZDY4N2QwODYzOCJ9fX0="
          }
        ]
      },
      "minecraft:item_name": "\"Mini Cobbled Deepslate\"",
      "minecraft:rarity": "common"
    }
  }
}
