{
  "type": "minecraft:stonecutting",
  "category": "blocks",
  "group": "mini_blocks",
  "ingredient": "minecraft:copper_bulb",
  "result": {
    "id": "minecraft:player_head",
    "count": 8,
    "components": {
      "minecraft:profile": {
        "properties": [
          {
            "name": "textures",
            "value": "eyJ0ZXh0dXJlcyI6eyJTS0lOIjp7InVybCI6Imh0dHA6Ly90ZXh0dXJlcy5taW5lY3JhZnQubmV0L3RleHR1cmUvYzg3YzM0OTZjMzViMTlmNWE1M2JlZWNlOGJmMDEwOWFiMWJkOTkwOTk2OTAyZTdjZTZiNTYyNTA4MDFkMDkwZSJ9fX0="
          }
        ]
      },
      "minecraft:item_name": "\"Mini Copper Bulb\"",
      "minecraft:rarity": "common"
    }
  }
}
