{
  "type": "minecraft:stonecutting",
  "category": "blocks",
  "group": "mini_blocks",
  "ingredient": "minecraft:dark_oak_planks",
  "result": {
    "id": "minecraft:player_head",
    "count": 8,
    "components": {
      "minecraft:profile": {
        "properties": [
          {
            "name": "textures",
            "value": "eyJ0ZXh0dXJlcyI6eyJTS0lOIjp7InVybCI6Imh0dHA6Ly90ZXh0dXJlcy5taW5lY3JhZnQubmV0L3RleHR1cmUvODljYTc5OGZlM2U0MDIzOTcxYjc4NmE2NGE3MmJkOThhMTVmZjc1YTdmODExN2I1NjAxMDNlMjM0ZGUwNTJhYyJ9fX0="
          }
        ]
      },
      "minecraft:item_name": "\"Mini Dark Oak Planks\"",
      "minecraft:rarity": "common"
    }
  }
}
