{
  "type": "minecraft:stonecutting",
  "category": "blocks",
  "group": "mini_blocks",
  "ingredient": "minecraft:deepslate_emerald_ore",
  "result": {
    "id": "minecraft:player_head",
    "count": 8,
    "components": {
      "minecraft:profile": {
        "properties": [
          {
            "name": "textures",
            "value": "eyJ0ZXh0dXJlcyI6eyJTS0lOIjp7InVybCI6Imh0dHA6Ly90ZXh0dXJlcy5taW5lY3JhZnQubmV0L3RleHR1cmUvYTA1NjFjN2E3N2EyOTUyMjg2NTIwZGNhZTA3NjVkNDllZGEyNmRjOWQ0YzQwYmRjNmUwODQ3MzI3NWQ2MDI0MiJ9fX0="
          }
        ]
      },
      "minecraft:item_name": "\"Mini Deepslate Emerald Ore\"",
      "minecraft:rarity": "common"
    }
  }
}
