{
  "type": "minecraft:stonecutting",
  "category": "blocks",
  "group": "mini_blocks",
  "ingredient": "minecraft:dirt",
  "result": {
    "id": "minecraft:player_head",
    "count": 8,
    "components": {
      "minecraft:profile": {
        "properties": [
          {
            "name": "textures",
            "value": "eyJ0ZXh0dXJlcyI6eyJTS0lOIjp7InVybCI6Imh0dHA6Ly90ZXh0dXJlcy5taW5lY3JhZnQubmV0L3RleHR1cmUvMWFiNDNiOGMzZDM0ZjEyNWU1YTNmOGI5MmNkNDNkZmQxNGM2MjQwMmMzMzI5ODQ2MWQ0ZDRkN2NlMmQzYWVhIn19fQ=="
          }
        ]
      },
      "minecraft:item_name": "\"Mini Dirt\"",
      "minecraft:rarity": "common"
    }
  }
}
