{
  "type": "minecraft:stonecutting",
  "category": "blocks",
  "group": "mini_blocks",
  "ingredient": "minecraft:dispenser",
  "result": {
    "id": "minecraft:player_head",
    "count": 8,
    "components": {
      "minecraft:profile": {
        "properties": [
          {
            "name": "textures",
            "value": "eyJ0ZXh0dXJlcyI6eyJTS0lOIjp7InVybCI6Imh0dHA6Ly90ZXh0dXJlcy5taW5lY3JhZnQubmV0L3RleHR1cmUvNDkzMzBkZGU0Zjk0MjRiNTBmMzZkNjJjODQzZWZlYWNiY2NmNWRhM2I5Y2UwNGFiZjE0ZTE3NWE5YzRmZGZmYSJ9fX0="
          }
        ]
      },
      "minecraft:item_name": "\"Mini Dispenser\"",
      "minecraft:rarity": "common"
    }
  }
}
