{
  "type": "minecraft:stonecutting",
  "category": "blocks",
  "group": "mini_blocks",
  "ingredient": "minecraft:exposed_cut_copper",
  "result": {
    "id": "minecraft:player_head",
    "count": 8,
    "components": {
      "minecraft:profile": {
        "properties": [
          {
            "name": "textures",
            "value": "eyJ0ZXh0dXJlcyI6eyJTS0lOIjp7InVybCI6Imh0dHA6Ly90ZXh0dXJlcy5taW5lY3JhZnQubmV0L3RleHR1cmUvMTY0YmQ2ZTc4MWFhMTU1NmNjZGZmMzIyYzE5NmM5Nzk5MWVhOTUyODI4NDhiZTkwOGYxYThkZGNhOTJjYmViMiJ9fX0="
          }
        ]
      },
      "minecraft:item_name": "\"Mini Exposed Cut Copper\"",
      "minecraft:rarity": "common"
    }
  }
}
