{
  "type": "minecraft:stonecutting",
  "category": "blocks",
  "group": "mini_blocks",
  "ingredient": "minecraft:fire_coral_block",
  "result": {
    "id": "minecraft:player_head",
    "count": 8,
    "components": {
      "minecraft:profile": {
        "properties": [
          {
            "name": "textures",
            "value": "eyJ0ZXh0dXJlcyI6eyJTS0lOIjp7InVybCI6Imh0dHA6Ly90ZXh0dXJlcy5taW5lY3JhZnQubmV0L3RleHR1cmUvOWZlOGRlZDNjNzRlYWNkNzg0MTJhOTAzYjkwNGY1NTc3ODUwZDFlMjBkMzQ4NzhmZDc3NTk3YWQxNjMzYmY3NCJ9fX0="
          }
        ]
      },
      "minecraft:item_name": "\"Mini Fire Coral\"",
      "minecraft:rarity": "common"
    }
  }
}
