{
  "type": "minecraft:stonecutting",
  "category": "blocks",
  "group": "mini_blocks",
  "ingredient": "minecraft:fletching_table",
  "result": {
    "id": "minecraft:player_head",
    "count": 8,
    "components": {
      "minecraft:profile": {
        "properties": [
          {
            "name": "textures",
            "value": "eyJ0ZXh0dXJlcyI6eyJTS0lOIjp7InVybCI6Imh0dHA6Ly90ZXh0dXJlcy5taW5lY3JhZnQubmV0L3RleHR1cmUvMTBiNzhlMDk2MTIzNmM4ZGE3N2QyOGZhOWExYzZmMDM5OGViYjI4ZWJmZDdhMTc4M2ViMmI2YzhjNDE2MDM0NiJ9fX0="
          }
        ]
      },
      "minecraft:item_name": "\"Mini Fletching Table\"",
      "minecraft:rarity": "common"
    }
  }
}
