{
  "type": "minecraft:stonecutting",
  "category": "blocks",
  "group": "mini_blocks",
  "ingredient": "minecraft:gilded_blackstone",
  "result": {
    "id": "minecraft:player_head",
    "count": 8,
    "components": {
      "minecraft:profile": {
        "properties": [
          {
            "name": "textures",
            "value": "eyJ0ZXh0dXJlcyI6eyJTS0lOIjp7InVybCI6Imh0dHA6Ly90ZXh0dXJlcy5taW5lY3JhZnQubmV0L3RleHR1cmUvYmJiZWQyZmM2MzIxZWM0MTA4MzE2ZjE4NjJjYmYyY2Q4MWYzODlmMjU4N2IxZjUzNjAyNTEzYjdhN2NhNTRhIn19fQ=="
          }
        ]
      },
      "minecraft:item_name": "\"Mini Gilded Blackstone\"",
      "minecraft:rarity": "common"
    }
  }
}
