{
  "type": "minecraft:stonecutting",
  "category": "blocks",
  "group": "mini_blocks",
  "ingredient": "minecraft:glowstone",
  "result": {
    "id": "minecraft:player_head",
    "count": 8,
    "components": {
      "minecraft:profile": {
        "properties": [
          {
            "name": "textures",
            "value": "eyJ0ZXh0dXJlcyI6eyJTS0lOIjp7InVybCI6Imh0dHA6Ly90ZXh0dXJlcy5taW5lY3JhZnQubmV0L3RleHR1cmUvYzQ2ZDM0OTU4Zjg3MDQxYjVlNGFmNjQxMjM4NjAwYTI3N2YwNjRmZjIyZGMxM2Y2YWY5YjZiZTU1NDdkZDc5MCJ9fX0="
          }
        ]
      },
      "minecraft:item_name": "\"Mini Glowstone\"",
      "minecraft:rarity": "common"
    }
  }
}
