{
  "type": "minecraft:stonecutting",
  "category": "blocks",
  "group": "mini_blocks",
  "ingredient": "minecraft:gold_ore",
  "result": {
    "id": "minecraft:player_head",
    "count": 8,
    "components": {
      "minecraft:profile": {
        "properties": [
          {
            "name": "textures",
            "value": "eyJ0ZXh0dXJlcyI6eyJTS0lOIjp7InVybCI6Imh0dHA6Ly90ZXh0dXJlcy5taW5lY3JhZnQubmV0L3RleHR1cmUvMzY4OTY5NGM5NzlkMWM0YmM0NDMzZjdkMzM0ZGQzNzM3NjQ0NGQxZmM0MzY2MmFkODdjZDM5ODRlOWI5MTNiYyJ9fX0="
          }
        ]
      },
      "minecraft:item_name": "\"Mini Gold Ore\"",
      "minecraft:rarity": "common"
    }
  }
}
